<application>
  <component name="ProjectManager">
    <defaultProject>
      <component name="AutoImportSettings">
        <option name="autoReloadType" value="SELECTIVE" />
      </component>
      <component name="Encoding" addBOMForNewFiles="with BOM under Windows, with no BOM otherwise" />
      <component name="ExternalSystemProjectTracker">
        <option name="projectSettingsTrackerStates">
          <map>
            <entry>
              <key>
                <Id>
                  <option name="externalProjectPath" value="Default (Template) Project" />
                  <option name="systemId" value="Cargo" />
                </Id>
              </key>
              <value>
                <Project>
                  <option name="settingsTracker">
                    <State>
                      <option name="dirty" value="false" />
                    </State>
                  </option>
                </Project>
              </value>
            </entry>
          </map>
        </option>
      </component>
      <component name="ProjectViewState">
        <option name="autoscrollFromSource" value="true" />
        <option name="hideEmptyMiddlePackages" value="true" />
        <option name="showLibraryContents" value="true" />
      </component>
      <component name="PropertiesComponent">{
  &quot;keyToString&quot;: {
    &quot;settings.editor.selected.configurable&quot;: &quot;preferences.pluginManager&quot;
  }
}</component>
      <component name="WindowStateProjectService">
        <state x="2727" y="24" width="935" height="435" key="Rider.ProjectTemplateDialog.Size" timestamp="1678576757023">
          <screen x="1920" y="-487" width="2560" height="1440" />
        </state>
        <state x="382" y="121" key="Rider.ProjectTemplateDialog.Size/0.0.1536.832" timestamp="1678396852588" />
        <state x="382" y="121" key="Rider.ProjectTemplateDialog.Size/0.0.1536.832/1920.-436.2560.1440/5760.138.1920.1080" timestamp="1676457003354" />
        <state x="2727" y="24" width="935" height="435" key="Rider.ProjectTemplateDialog.Size/0.0.1536.832/1920.-487.2560.1440" timestamp="1678576757023" />
        <state x="2354" y="116" width="813" height="548" key="Rider.ProjectTemplateDialog.Size/0.0.1536.832/1920.-489.2560.1440" timestamp="1672658814563" />
        <state x="212" y="109" width="996" height="707" key="SettingsEditor" timestamp="1679255151735">
          <screen x="0" y="0" width="1536" height="816" />
        </state>
        <state x="212" y="109" width="996" height="707" key="SettingsEditor/0.0.1536.816/1920.-487.2560.1440" timestamp="1679255151735" />
        <state x="212" y="116" width="996" height="716" key="SettingsEditor/0.0.1536.832/1920.-487.2560.1440" timestamp="1676754138929" />
        <state x="2273" y="-120" key="SettingsEditor/0.0.1536.832/1920.-489.2560.1440" timestamp="1671874466478" />
      </component>
    </defaultProject>
  </component>
</application>